mechanism,mode,relief_bps_of_stress,funded_refill,nominal_buy,roundtrip_sell_payout,attacker_profit,victim_quote,reserve_remaining_bps,recorded_sell_pressure,recorded_buy_relief
prop_pressure,funded_refill,0,0,0,0,0,999999,7515,250000000,0
prop_pressure,unfunded_counterfactual,0,0,0,0,0,999999,7515,250000000,0
prop_pressure,funded_refill,2500,62500000,62500000,62476340,-23660,999999,7515,312500000,62500000
prop_pressure,unfunded_counterfactual,2500,0,62500000,62468769,-31231,999999,6890,312500000,62500000
prop_pressure,funded_refill,5000,125000000,125000000,124792307,-207693,999999,7517,375000000,125000000
prop_pressure,unfunded_counterfactual,5000,0,125000000,124646669,-353331,999999,6268,375000000,125000000
prop_pressure,funded_refill,10000,250000000,250000000,248500653,-1499347,999999,7530,500000000,250000000
prop_pressure,unfunded_counterfactual,10000,0,250000000,246002516,-3997484,999999,5055,500000000,250000000
prop_full,funded_refill,0,0,0,0,0,999708,7515,250000000,0
prop_full,unfunded_counterfactual,0,0,0,0,0,999708,7515,250000000,0
prop_full,funded_refill,2500,62500000,62500000,61946968,-553032,999417,7520,312500000,62500000
prop_full,unfunded_counterfactual,2500,0,62500000,61913986,-586014,999343,6895,312500000,62500000
prop_full,funded_refill,5000,125000000,125000000,123546318,-1453682,999418,7529,375000000,125000000
prop_full,unfunded_counterfactual,5000,0,125000000,123429183,-1570817,999251,6280,375000000,125000000
prop_full,funded_refill,10000,250000000,250000000,246553664,-3446336,999420,7549,500000000,250000000
prop_full,unfunded_counterfactual,10000,0,250000000,246002516,-3997484,998976,5055,500000000,250000000
