mechanism,traffic,preliminary_trade_count,preliminary_trade_raw,preliminary_loss,quiet_victim_payout,victim_payout,victim_harm,cost_harm_ratio_bps,reserve_remaining_bps,failed_exits
prop_endpoint,dust_grief,1,1000,0,999999,999999,0,NA,9989,0
prop_endpoint,dust_grief,5,1000,0,999999,999999,0,NA,9989,0
prop_endpoint,dust_grief,10,1000,0,999999,999999,0,NA,9989,0
prop_endpoint,dust_grief,20,1000,0,999999,999999,0,NA,9989,0
prop_endpoint,dust_grief,100,1000,0,999999,999999,0,NA,9989,0
prop_endpoint,honest_burst,1,1000000,1,999999,999999,0,NA,9980,0
prop_endpoint,honest_burst,5,1000000,5,999999,999999,0,NA,9940,0
prop_endpoint,honest_burst,10,1000000,10,999999,999999,0,NA,9890,0
prop_endpoint,honest_burst,20,1000000,20,999999,999999,0,NA,9790,0
prop_endpoint,honest_burst,100,1000000,100,999999,999999,0,NA,8990,0
prop_pressure,dust_grief,1,1000,0,999999,999999,0,NA,9989,0
prop_pressure,dust_grief,5,1000,0,999999,999999,0,NA,9989,0
prop_pressure,dust_grief,10,1000,0,999999,999999,0,NA,9989,0
prop_pressure,dust_grief,20,1000,0,999999,999999,0,NA,9989,0
prop_pressure,dust_grief,100,1000,0,999999,999999,0,NA,9989,0
prop_pressure,honest_burst,1,1000000,1,999999,999999,0,NA,9980,0
prop_pressure,honest_burst,5,1000000,5,999999,999999,0,NA,9940,0
prop_pressure,honest_burst,10,1000000,10,999999,999999,0,NA,9890,0
prop_pressure,honest_burst,20,1000000,20,999999,999999,0,NA,9790,0
prop_pressure,honest_burst,100,1000000,100,999999,999999,0,NA,8990,0
prop_full,dust_grief,1,1000,0,999999,999867,132,0,9989,0
prop_full,dust_grief,5,1000,4,999999,999336,663,60,9989,0
prop_full,dust_grief,10,1000,9,999999,998673,1326,67,9989,0
prop_full,dust_grief,20,1000,19,999999,997346,2653,71,9989,0
prop_full,dust_grief,100,1000,99,999999,997345,2654,373,9989,0
prop_full,honest_burst,1,1000000,1,999999,999866,133,75,9980,0
prop_full,honest_burst,5,1000000,1342,999999,999326,673,19940,9940,0
prop_full,honest_burst,10,1000000,6090,999999,998633,1366,44582,9890,0
prop_full,honest_burst,20,1000000,26215,999999,997183,2816,93093,9790,0
prop_full,honest_burst,100,1000000,280795,999999,996407,3592,781723,8992,0
