mechanism,ordering,whale_payout,small_payout,total_payout,reserve_remaining_bps
fixed_nav,whale_first,500000000,1000000,501000000,4990
fixed_nav,small_first,500000000,1000000,501000000,4990
static_100_bps,whale_first,495000000,990000,495990000,5040
static_100_bps,small_first,495000000,990000,495990000,5040
static_300_bps,whale_first,485000000,970000,485970000,5140
static_300_bps,small_first,485000000,970000,485970000,5140
static_500_bps,whale_first,475000000,950000,475950000,5240
static_500_bps,small_first,475000000,950000,475950000,5240
static_700_bps,whale_first,465000000,930000,465930000,5340
static_700_bps,small_first,465000000,930000,465930000,5340
static_1000_bps,whale_first,450000000,900000,450900000,5491
static_1000_bps,small_first,450000000,900000,450900000,5491
static_2000_bps,whale_first,400000000,800000,400800000,5992
static_2000_bps,small_first,400000000,800000,400800000,5992
static_3000_bps,whale_first,350000000,700000,350700000,6493
static_3000_bps,small_first,350000000,700000,350700000,6493
integrated_curve,whale_first,498232233,987594,499219827,5007
integrated_curve,small_first,498219827,999999,499219826,5007
prop_endpoint,whale_first,493812815,999999,494812814,5051
prop_endpoint,small_first,493797320,999999,494797319,5052
prop_pressure,whale_first,465000000,999999,465999999,5340
prop_pressure,small_first,464780619,999999,465780618,5342
prop_full,whale_first,465000000,999309,465999309,5340
prop_full,small_first,464780619,999999,465780618,5342
