mechanism,quote_bps,offset_quarters,now,cleared_state_quote,implementation_quote,explicitly_rolled_model_quote,implementation_gap_bps,rolled_model_gap_bps,implementation_minus_model
prop_endpoint,10,0,1000000,999999,999999,999999,0,0,0
prop_endpoint,10,1,1021600,999999,999999,999999,0,0,0
prop_endpoint,10,2,1043200,999999,999999,999999,0,0,0
prop_endpoint,10,4,1086400,999999,999999,999999,0,0,0
prop_endpoint,10,5,1108000,999999,999999,999999,0,0,0
prop_endpoint,10,6,1129600,999999,999999,999999,0,0,0
prop_endpoint,10,8,1172800,999999,999999,999999,0,0,0
prop_endpoint,1000,0,1000000,99878571,99878571,99878571,0,0,0
prop_endpoint,1000,1,1021600,99878571,99878571,99878571,0,0,0
prop_endpoint,1000,2,1043200,99878571,99878571,99878571,0,0,0
prop_endpoint,1000,4,1086400,99878571,99878571,99878571,0,0,0
prop_endpoint,1000,5,1108000,99878571,99878571,99878571,0,0,0
prop_endpoint,1000,6,1129600,99878571,99878571,99878571,0,0,0
prop_endpoint,1000,8,1172800,99878571,99878571,99878571,0,0,0
prop_pressure,10,0,1000000,999999,999999,999999,0,0,0
prop_pressure,10,1,1021600,999999,999999,999999,0,0,0
prop_pressure,10,2,1043200,999999,999999,999999,0,0,0
prop_pressure,10,4,1086400,999999,999999,999999,0,0,0
prop_pressure,10,5,1108000,999999,999999,999999,0,0,0
prop_pressure,10,6,1129600,999999,999999,999999,0,0,0
prop_pressure,10,8,1172800,999999,999999,999999,0,0,0
prop_pressure,1000,0,1000000,99766104,97997615,97997615,178,178,0
prop_pressure,1000,1,1021600,99766104,97997615,97997615,178,178,0
prop_pressure,1000,2,1043200,99766104,97997615,97997615,178,178,0
prop_pressure,1000,4,1086400,99766104,97997615,97997615,178,178,0
prop_pressure,1000,5,1108000,99766104,98642796,98642796,113,113,0
prop_pressure,1000,6,1129600,99766104,99143965,99143965,63,63,0
prop_pressure,1000,8,1172800,99766104,99766104,99766104,0,0,0
prop_full,10,0,1000000,999999,999309,999309,7,7,0
prop_full,10,1,1021600,999999,999309,999309,7,7,0
prop_full,10,2,1043200,999999,999309,999309,7,7,0
prop_full,10,4,1086400,999999,999999,999999,0,0,0
prop_full,10,5,1108000,999999,999999,999999,0,0,0
prop_full,10,6,1129600,999999,999999,999999,0,0,0
prop_full,10,8,1172800,999999,999999,999999,0,0,0
prop_full,1000,0,1000000,99766104,97997615,97997615,178,178,0
prop_full,1000,1,1021600,99766104,97997615,97997615,178,178,0
prop_full,1000,2,1043200,99766104,97997615,97997615,178,178,0
prop_full,1000,4,1086400,99766104,97997615,97997615,178,178,0
prop_full,1000,5,1108000,99766104,98642796,98642796,113,113,0
prop_full,1000,6,1129600,99766104,99143965,99143965,63,63,0
prop_full,1000,8,1172800,99766104,99766104,99766104,0,0,0
