mechanism,stress_bps,small_bps,stress_payout,small_payout,small_execution_bps,small_discount_bps,reserve_remaining_bps,failed_exits
fixed_nav,1000,1,100000000,100000,10000,0,8999,0
fixed_nav,1000,10,100000000,1000000,10000,0,8990,0
fixed_nav,1000,100,100000000,10000000,10000,0,8900,0
fixed_nav,2500,1,250000000,100000,10000,0,7499,0
fixed_nav,2500,10,250000000,1000000,10000,0,7490,0
fixed_nav,2500,100,250000000,10000000,10000,0,7400,0
fixed_nav,5000,1,500000000,100000,10000,0,4999,0
fixed_nav,5000,10,500000000,1000000,10000,0,4990,0
fixed_nav,5000,100,500000000,10000000,10000,0,4900,0
fixed_nav,9000,1,900000000,100000,10000,0,999,0
fixed_nav,9000,10,900000000,1000000,10000,0,990,0
fixed_nav,9000,100,900000000,10000000,10000,0,900,0
static_100_bps,1000,1,99000000,99000,9900,100,9009,0
static_100_bps,1000,10,99000000,990000,9900,100,9000,0
static_100_bps,1000,100,99000000,9900000,9900,100,8911,0
static_100_bps,2500,1,247500000,99000,9900,100,7524,0
static_100_bps,2500,10,247500000,990000,9900,100,7515,0
static_100_bps,2500,100,247500000,9900000,9900,100,7426,0
static_100_bps,5000,1,495000000,99000,9900,100,5049,0
static_100_bps,5000,10,495000000,990000,9900,100,5040,0
static_100_bps,5000,100,495000000,9900000,9900,100,4951,0
static_100_bps,9000,1,891000000,99000,9900,100,1089,0
static_100_bps,9000,10,891000000,990000,9900,100,1080,0
static_100_bps,9000,100,891000000,9900000,9900,100,991,0
static_300_bps,1000,1,97000000,97000,9700,300,9029,0
static_300_bps,1000,10,97000000,970000,9700,300,9020,0
static_300_bps,1000,100,97000000,9700000,9700,300,8933,0
static_300_bps,2500,1,242500000,97000,9700,300,7574,0
static_300_bps,2500,10,242500000,970000,9700,300,7565,0
static_300_bps,2500,100,242500000,9700000,9700,300,7478,0
static_300_bps,5000,1,485000000,97000,9700,300,5149,0
static_300_bps,5000,10,485000000,970000,9700,300,5140,0
static_300_bps,5000,100,485000000,9700000,9700,300,5053,0
static_300_bps,9000,1,873000000,97000,9700,300,1269,0
static_300_bps,9000,10,873000000,970000,9700,300,1260,0
static_300_bps,9000,100,873000000,9700000,9700,300,1173,0
static_500_bps,1000,1,95000000,95000,9500,500,9049,0
static_500_bps,1000,10,95000000,950000,9500,500,9040,0
static_500_bps,1000,100,95000000,9500000,9500,500,8955,0
static_500_bps,2500,1,237500000,95000,9500,500,7624,0
static_500_bps,2500,10,237500000,950000,9500,500,7615,0
static_500_bps,2500,100,237500000,9500000,9500,500,7530,0
static_500_bps,5000,1,475000000,95000,9500,500,5249,0
static_500_bps,5000,10,475000000,950000,9500,500,5240,0
static_500_bps,5000,100,475000000,9500000,9500,500,5155,0
static_500_bps,9000,1,855000000,95000,9500,500,1449,0
static_500_bps,9000,10,855000000,950000,9500,500,1440,0
static_500_bps,9000,100,855000000,9500000,9500,500,1355,0
static_700_bps,1000,1,93000000,93000,9300,700,9069,0
static_700_bps,1000,10,93000000,930000,9300,700,9060,0
static_700_bps,1000,100,93000000,9300000,9300,700,8977,0
static_700_bps,2500,1,232500000,93000,9300,700,7674,0
static_700_bps,2500,10,232500000,930000,9300,700,7665,0
static_700_bps,2500,100,232500000,9300000,9300,700,7582,0
static_700_bps,5000,1,465000000,93000,9300,700,5349,0
static_700_bps,5000,10,465000000,930000,9300,700,5340,0
static_700_bps,5000,100,465000000,9300000,9300,700,5257,0
static_700_bps,9000,1,837000000,93000,9300,700,1629,0
static_700_bps,9000,10,837000000,930000,9300,700,1620,0
static_700_bps,9000,100,837000000,9300000,9300,700,1537,0
static_1000_bps,1000,1,90000000,90000,9000,1000,9099,0
static_1000_bps,1000,10,90000000,900000,9000,1000,9091,0
static_1000_bps,1000,100,90000000,9000000,9000,1000,9010,0
static_1000_bps,2500,1,225000000,90000,9000,1000,7749,0
static_1000_bps,2500,10,225000000,900000,9000,1000,7741,0
static_1000_bps,2500,100,225000000,9000000,9000,1000,7660,0
static_1000_bps,5000,1,450000000,90000,9000,1000,5499,0
static_1000_bps,5000,10,450000000,900000,9000,1000,5491,0
static_1000_bps,5000,100,450000000,9000000,9000,1000,5410,0
static_1000_bps,9000,1,810000000,90000,9000,1000,1899,0
static_1000_bps,9000,10,810000000,900000,9000,1000,1891,0
static_1000_bps,9000,100,810000000,9000000,9000,1000,1810,0
static_2000_bps,1000,1,80000000,80000,8000,2000,9199,0
static_2000_bps,1000,10,80000000,800000,8000,2000,9192,0
static_2000_bps,1000,100,80000000,8000000,8000,2000,9120,0
static_2000_bps,2500,1,200000000,80000,8000,2000,7999,0
static_2000_bps,2500,10,200000000,800000,8000,2000,7992,0
static_2000_bps,2500,100,200000000,8000000,8000,2000,7920,0
static_2000_bps,5000,1,400000000,80000,8000,2000,5999,0
static_2000_bps,5000,10,400000000,800000,8000,2000,5992,0
static_2000_bps,5000,100,400000000,8000000,8000,2000,5920,0
static_2000_bps,9000,1,720000000,80000,8000,2000,2799,0
static_2000_bps,9000,10,720000000,800000,8000,2000,2792,0
static_2000_bps,9000,100,720000000,8000000,8000,2000,2720,0
static_3000_bps,1000,1,70000000,70000,7000,3000,9299,0
static_3000_bps,1000,10,70000000,700000,7000,3000,9293,0
static_3000_bps,1000,100,70000000,7000000,7000,3000,9230,0
static_3000_bps,2500,1,175000000,70000,7000,3000,8249,0
static_3000_bps,2500,10,175000000,700000,7000,3000,8243,0
static_3000_bps,2500,100,175000000,7000000,7000,3000,8180,0
static_3000_bps,5000,1,350000000,70000,7000,3000,6499,0
static_3000_bps,5000,10,350000000,700000,7000,3000,6493,0
static_3000_bps,5000,100,350000000,7000000,7000,3000,6430,0
static_3000_bps,9000,1,630000000,70000,7000,3000,3699,0
static_3000_bps,9000,10,630000000,700000,7000,3000,3693,0
static_3000_bps,9000,100,630000000,7000000,7000,3000,3630,0
integrated_curve,1000,1,99993675,99977,9997,3,8999,0
integrated_curve,1000,10,99993675,999775,9997,3,8990,0
integrated_curve,1000,100,99993675,9997495,9997,3,8900,0
integrated_curve,2500,1,249843750,99781,9978,22,7500,0
integrated_curve,2500,10,249843750,997801,9978,22,7491,0
integrated_curve,2500,100,249843750,9977009,9977,23,7401,0
integrated_curve,5000,1,498232233,98762,9876,124,5016,0
integrated_curve,5000,10,498232233,987594,9875,125,5007,0
integrated_curve,5000,100,498232233,9873131,9873,127,4918,0
integrated_curve,9000,1,886168197,94620,9462,538,1137,0
integrated_curve,9000,10,886168197,946134,9461,539,1128,0
integrated_curve,9000,100,886168197,9454584,9454,546,1043,0
prop_endpoint,1000,1,99977864,99999,9999,1,8999,0
prop_endpoint,1000,10,99977864,999999,9999,1,8990,0
prop_endpoint,1000,100,99977864,9999990,9999,1,8900,0
prop_endpoint,2500,1,249453125,99999,9999,1,7504,0
prop_endpoint,2500,10,249453125,999999,9999,1,7495,0
prop_endpoint,2500,100,249453125,9999985,9999,1,7405,0
prop_endpoint,5000,1,493812815,99999,9999,1,5060,0
prop_endpoint,5000,10,493812815,999999,9999,1,5051,0
prop_endpoint,5000,100,493812815,9999961,9999,1,4961,0
prop_endpoint,9000,1,851588691,99999,9999,1,1483,0
prop_endpoint,9000,10,851588691,999999,9999,1,1474,0
prop_endpoint,9000,100,851588691,9999175,9999,1,1384,0
prop_pressure,1000,1,99965081,99999,9999,1,8999,0
prop_pressure,1000,10,99965081,999999,9999,1,8990,0
prop_pressure,1000,100,99965081,9999984,9999,1,8900,0
prop_pressure,2500,1,248492989,99999,9999,1,7514,0
prop_pressure,2500,10,248492989,999999,9999,1,7505,0
prop_pressure,2500,100,248492989,9999946,9999,1,7415,0
prop_pressure,5000,1,465000000,99999,9999,1,5349,0
prop_pressure,5000,10,465000000,999999,9999,1,5340,0
prop_pressure,5000,100,465000000,9999518,9999,1,5250,0
prop_pressure,9000,1,264900306,99999,9999,1,7349,0
prop_pressure,9000,10,264900306,999999,9999,1,7340,0
prop_pressure,9000,100,264900306,9999659,9999,1,7251,0
prop_full,1000,1,99965081,99998,9999,1,8999,0
prop_full,1000,10,99965081,999820,9998,2,8990,0
prop_full,1000,100,99965081,9983191,9983,17,8900,0
prop_full,2500,1,248492989,99997,9999,1,7514,0
prop_full,2500,10,248492989,999708,9997,3,7505,0
prop_full,2500,100,248492989,9974068,9974,26,7415,0
prop_full,5000,1,465000000,99992,9999,1,5349,0
prop_full,5000,10,465000000,999309,9993,7,5340,0
prop_full,5000,100,465000000,9947521,9947,53,5250,0
prop_full,9000,1,264900306,99993,9999,1,7349,0
prop_full,9000,10,264900306,999393,9993,7,7341,0
prop_full,9000,100,264900306,9952633,9952,48,7251,0
