mechanism,total_exit_bps,parts,timing,total_payout,one_shot_payout,split_gain_bps,reserve_remaining_bps,failed_parts
fixed_nav,1000,1,within_epoch,100000000,100000000,0,9000,0
fixed_nav,1000,1,boundary,100000000,100000000,0,9000,0
fixed_nav,1000,2,within_epoch,100000000,100000000,0,9000,0
fixed_nav,1000,2,boundary,100000000,100000000,0,9000,0
fixed_nav,1000,5,within_epoch,100000000,100000000,0,9000,0
fixed_nav,1000,5,boundary,100000000,100000000,0,9000,0
fixed_nav,1000,10,within_epoch,100000000,100000000,0,9000,0
fixed_nav,1000,10,boundary,100000000,100000000,0,9000,0
fixed_nav,1000,20,within_epoch,100000000,100000000,0,9000,0
fixed_nav,1000,20,boundary,100000000,100000000,0,9000,0
fixed_nav,1000,100,within_epoch,100000000,100000000,0,9000,0
fixed_nav,1000,100,boundary,100000000,100000000,0,9000,0
fixed_nav,2500,1,within_epoch,250000000,250000000,0,7500,0
fixed_nav,2500,1,boundary,250000000,250000000,0,7500,0
fixed_nav,2500,2,within_epoch,250000000,250000000,0,7500,0
fixed_nav,2500,2,boundary,250000000,250000000,0,7500,0
fixed_nav,2500,5,within_epoch,250000000,250000000,0,7500,0
fixed_nav,2500,5,boundary,250000000,250000000,0,7500,0
fixed_nav,2500,10,within_epoch,250000000,250000000,0,7500,0
fixed_nav,2500,10,boundary,250000000,250000000,0,7500,0
fixed_nav,2500,20,within_epoch,250000000,250000000,0,7500,0
fixed_nav,2500,20,boundary,250000000,250000000,0,7500,0
fixed_nav,2500,100,within_epoch,250000000,250000000,0,7500,0
fixed_nav,2500,100,boundary,250000000,250000000,0,7500,0
fixed_nav,5000,1,within_epoch,500000000,500000000,0,5000,0
fixed_nav,5000,1,boundary,500000000,500000000,0,5000,0
fixed_nav,5000,2,within_epoch,500000000,500000000,0,5000,0
fixed_nav,5000,2,boundary,500000000,500000000,0,5000,0
fixed_nav,5000,5,within_epoch,500000000,500000000,0,5000,0
fixed_nav,5000,5,boundary,500000000,500000000,0,5000,0
fixed_nav,5000,10,within_epoch,500000000,500000000,0,5000,0
fixed_nav,5000,10,boundary,500000000,500000000,0,5000,0
fixed_nav,5000,20,within_epoch,500000000,500000000,0,5000,0
fixed_nav,5000,20,boundary,500000000,500000000,0,5000,0
fixed_nav,5000,100,within_epoch,500000000,500000000,0,5000,0
fixed_nav,5000,100,boundary,500000000,500000000,0,5000,0
fixed_nav,9000,1,within_epoch,900000000,900000000,0,1000,0
fixed_nav,9000,1,boundary,900000000,900000000,0,1000,0
fixed_nav,9000,2,within_epoch,900000000,900000000,0,1000,0
fixed_nav,9000,2,boundary,900000000,900000000,0,1000,0
fixed_nav,9000,5,within_epoch,900000000,900000000,0,1000,0
fixed_nav,9000,5,boundary,900000000,900000000,0,1000,0
fixed_nav,9000,10,within_epoch,900000000,900000000,0,1000,0
fixed_nav,9000,10,boundary,900000000,900000000,0,1000,0
fixed_nav,9000,20,within_epoch,900000000,900000000,0,1000,0
fixed_nav,9000,20,boundary,900000000,900000000,0,1000,0
fixed_nav,9000,100,within_epoch,900000000,900000000,0,1000,0
fixed_nav,9000,100,boundary,900000000,900000000,0,1000,0
static_100_bps,1000,1,within_epoch,99000000,99000000,0,9010,0
static_100_bps,1000,1,boundary,99000000,99000000,0,9010,0
static_100_bps,1000,2,within_epoch,99000000,99000000,0,9010,0
static_100_bps,1000,2,boundary,99000000,99000000,0,9010,0
static_100_bps,1000,5,within_epoch,99000000,99000000,0,9010,0
static_100_bps,1000,5,boundary,99000000,99000000,0,9010,0
static_100_bps,1000,10,within_epoch,99000000,99000000,0,9010,0
static_100_bps,1000,10,boundary,99000000,99000000,0,9010,0
static_100_bps,1000,20,within_epoch,99000000,99000000,0,9010,0
static_100_bps,1000,20,boundary,99000000,99000000,0,9010,0
static_100_bps,1000,100,within_epoch,99000000,99000000,0,9010,0
static_100_bps,1000,100,boundary,99000000,99000000,0,9010,0
static_100_bps,2500,1,within_epoch,247500000,247500000,0,7525,0
static_100_bps,2500,1,boundary,247500000,247500000,0,7525,0
static_100_bps,2500,2,within_epoch,247500000,247500000,0,7525,0
static_100_bps,2500,2,boundary,247500000,247500000,0,7525,0
static_100_bps,2500,5,within_epoch,247500000,247500000,0,7525,0
static_100_bps,2500,5,boundary,247500000,247500000,0,7525,0
static_100_bps,2500,10,within_epoch,247500000,247500000,0,7525,0
static_100_bps,2500,10,boundary,247500000,247500000,0,7525,0
static_100_bps,2500,20,within_epoch,247500000,247500000,0,7525,0
static_100_bps,2500,20,boundary,247500000,247500000,0,7525,0
static_100_bps,2500,100,within_epoch,247500000,247500000,0,7525,0
static_100_bps,2500,100,boundary,247500000,247500000,0,7525,0
static_100_bps,5000,1,within_epoch,495000000,495000000,0,5050,0
static_100_bps,5000,1,boundary,495000000,495000000,0,5050,0
static_100_bps,5000,2,within_epoch,495000000,495000000,0,5050,0
static_100_bps,5000,2,boundary,495000000,495000000,0,5050,0
static_100_bps,5000,5,within_epoch,495000000,495000000,0,5050,0
static_100_bps,5000,5,boundary,495000000,495000000,0,5050,0
static_100_bps,5000,10,within_epoch,495000000,495000000,0,5050,0
static_100_bps,5000,10,boundary,495000000,495000000,0,5050,0
static_100_bps,5000,20,within_epoch,495000000,495000000,0,5050,0
static_100_bps,5000,20,boundary,495000000,495000000,0,5050,0
static_100_bps,5000,100,within_epoch,495000000,495000000,0,5050,0
static_100_bps,5000,100,boundary,495000000,495000000,0,5050,0
static_100_bps,9000,1,within_epoch,891000000,891000000,0,1090,0
static_100_bps,9000,1,boundary,891000000,891000000,0,1090,0
static_100_bps,9000,2,within_epoch,891000000,891000000,0,1090,0
static_100_bps,9000,2,boundary,891000000,891000000,0,1090,0
static_100_bps,9000,5,within_epoch,891000000,891000000,0,1090,0
static_100_bps,9000,5,boundary,891000000,891000000,0,1090,0
static_100_bps,9000,10,within_epoch,891000000,891000000,0,1090,0
static_100_bps,9000,10,boundary,891000000,891000000,0,1090,0
static_100_bps,9000,20,within_epoch,891000000,891000000,0,1090,0
static_100_bps,9000,20,boundary,891000000,891000000,0,1090,0
static_100_bps,9000,100,within_epoch,891000000,891000000,0,1090,0
static_100_bps,9000,100,boundary,891000000,891000000,0,1090,0
static_300_bps,1000,1,within_epoch,97000000,97000000,0,9030,0
static_300_bps,1000,1,boundary,97000000,97000000,0,9030,0
static_300_bps,1000,2,within_epoch,97000000,97000000,0,9030,0
static_300_bps,1000,2,boundary,97000000,97000000,0,9030,0
static_300_bps,1000,5,within_epoch,97000000,97000000,0,9030,0
static_300_bps,1000,5,boundary,97000000,97000000,0,9030,0
static_300_bps,1000,10,within_epoch,97000000,97000000,0,9030,0
static_300_bps,1000,10,boundary,97000000,97000000,0,9030,0
static_300_bps,1000,20,within_epoch,97000000,97000000,0,9030,0
static_300_bps,1000,20,boundary,97000000,97000000,0,9030,0
static_300_bps,1000,100,within_epoch,97000000,97000000,0,9030,0
static_300_bps,1000,100,boundary,97000000,97000000,0,9030,0
static_300_bps,2500,1,within_epoch,242500000,242500000,0,7575,0
static_300_bps,2500,1,boundary,242500000,242500000,0,7575,0
static_300_bps,2500,2,within_epoch,242500000,242500000,0,7575,0
static_300_bps,2500,2,boundary,242500000,242500000,0,7575,0
static_300_bps,2500,5,within_epoch,242500000,242500000,0,7575,0
static_300_bps,2500,5,boundary,242500000,242500000,0,7575,0
static_300_bps,2500,10,within_epoch,242500000,242500000,0,7575,0
static_300_bps,2500,10,boundary,242500000,242500000,0,7575,0
static_300_bps,2500,20,within_epoch,242500000,242500000,0,7575,0
static_300_bps,2500,20,boundary,242500000,242500000,0,7575,0
static_300_bps,2500,100,within_epoch,242500000,242500000,0,7575,0
static_300_bps,2500,100,boundary,242500000,242500000,0,7575,0
static_300_bps,5000,1,within_epoch,485000000,485000000,0,5150,0
static_300_bps,5000,1,boundary,485000000,485000000,0,5150,0
static_300_bps,5000,2,within_epoch,485000000,485000000,0,5150,0
static_300_bps,5000,2,boundary,485000000,485000000,0,5150,0
static_300_bps,5000,5,within_epoch,485000000,485000000,0,5150,0
static_300_bps,5000,5,boundary,485000000,485000000,0,5150,0
static_300_bps,5000,10,within_epoch,485000000,485000000,0,5150,0
static_300_bps,5000,10,boundary,485000000,485000000,0,5150,0
static_300_bps,5000,20,within_epoch,485000000,485000000,0,5150,0
static_300_bps,5000,20,boundary,485000000,485000000,0,5150,0
static_300_bps,5000,100,within_epoch,485000000,485000000,0,5150,0
static_300_bps,5000,100,boundary,485000000,485000000,0,5150,0
static_300_bps,9000,1,within_epoch,873000000,873000000,0,1270,0
static_300_bps,9000,1,boundary,873000000,873000000,0,1270,0
static_300_bps,9000,2,within_epoch,873000000,873000000,0,1270,0
static_300_bps,9000,2,boundary,873000000,873000000,0,1270,0
static_300_bps,9000,5,within_epoch,873000000,873000000,0,1270,0
static_300_bps,9000,5,boundary,873000000,873000000,0,1270,0
static_300_bps,9000,10,within_epoch,873000000,873000000,0,1270,0
static_300_bps,9000,10,boundary,873000000,873000000,0,1270,0
static_300_bps,9000,20,within_epoch,873000000,873000000,0,1270,0
static_300_bps,9000,20,boundary,873000000,873000000,0,1270,0
static_300_bps,9000,100,within_epoch,873000000,873000000,0,1270,0
static_300_bps,9000,100,boundary,873000000,873000000,0,1270,0
static_500_bps,1000,1,within_epoch,95000000,95000000,0,9050,0
static_500_bps,1000,1,boundary,95000000,95000000,0,9050,0
static_500_bps,1000,2,within_epoch,95000000,95000000,0,9050,0
static_500_bps,1000,2,boundary,95000000,95000000,0,9050,0
static_500_bps,1000,5,within_epoch,95000000,95000000,0,9050,0
static_500_bps,1000,5,boundary,95000000,95000000,0,9050,0
static_500_bps,1000,10,within_epoch,95000000,95000000,0,9050,0
static_500_bps,1000,10,boundary,95000000,95000000,0,9050,0
static_500_bps,1000,20,within_epoch,95000000,95000000,0,9050,0
static_500_bps,1000,20,boundary,95000000,95000000,0,9050,0
static_500_bps,1000,100,within_epoch,95000000,95000000,0,9050,0
static_500_bps,1000,100,boundary,95000000,95000000,0,9050,0
static_500_bps,2500,1,within_epoch,237500000,237500000,0,7625,0
static_500_bps,2500,1,boundary,237500000,237500000,0,7625,0
static_500_bps,2500,2,within_epoch,237500000,237500000,0,7625,0
static_500_bps,2500,2,boundary,237500000,237500000,0,7625,0
static_500_bps,2500,5,within_epoch,237500000,237500000,0,7625,0
static_500_bps,2500,5,boundary,237500000,237500000,0,7625,0
static_500_bps,2500,10,within_epoch,237500000,237500000,0,7625,0
static_500_bps,2500,10,boundary,237500000,237500000,0,7625,0
static_500_bps,2500,20,within_epoch,237500000,237500000,0,7625,0
static_500_bps,2500,20,boundary,237500000,237500000,0,7625,0
static_500_bps,2500,100,within_epoch,237500000,237500000,0,7625,0
static_500_bps,2500,100,boundary,237500000,237500000,0,7625,0
static_500_bps,5000,1,within_epoch,475000000,475000000,0,5250,0
static_500_bps,5000,1,boundary,475000000,475000000,0,5250,0
static_500_bps,5000,2,within_epoch,475000000,475000000,0,5250,0
static_500_bps,5000,2,boundary,475000000,475000000,0,5250,0
static_500_bps,5000,5,within_epoch,475000000,475000000,0,5250,0
static_500_bps,5000,5,boundary,475000000,475000000,0,5250,0
static_500_bps,5000,10,within_epoch,475000000,475000000,0,5250,0
static_500_bps,5000,10,boundary,475000000,475000000,0,5250,0
static_500_bps,5000,20,within_epoch,475000000,475000000,0,5250,0
static_500_bps,5000,20,boundary,475000000,475000000,0,5250,0
static_500_bps,5000,100,within_epoch,475000000,475000000,0,5250,0
static_500_bps,5000,100,boundary,475000000,475000000,0,5250,0
static_500_bps,9000,1,within_epoch,855000000,855000000,0,1450,0
static_500_bps,9000,1,boundary,855000000,855000000,0,1450,0
static_500_bps,9000,2,within_epoch,855000000,855000000,0,1450,0
static_500_bps,9000,2,boundary,855000000,855000000,0,1450,0
static_500_bps,9000,5,within_epoch,855000000,855000000,0,1450,0
static_500_bps,9000,5,boundary,855000000,855000000,0,1450,0
static_500_bps,9000,10,within_epoch,855000000,855000000,0,1450,0
static_500_bps,9000,10,boundary,855000000,855000000,0,1450,0
static_500_bps,9000,20,within_epoch,855000000,855000000,0,1450,0
static_500_bps,9000,20,boundary,855000000,855000000,0,1450,0
static_500_bps,9000,100,within_epoch,855000000,855000000,0,1450,0
static_500_bps,9000,100,boundary,855000000,855000000,0,1450,0
static_700_bps,1000,1,within_epoch,93000000,93000000,0,9070,0
static_700_bps,1000,1,boundary,93000000,93000000,0,9070,0
static_700_bps,1000,2,within_epoch,93000000,93000000,0,9070,0
static_700_bps,1000,2,boundary,93000000,93000000,0,9070,0
static_700_bps,1000,5,within_epoch,93000000,93000000,0,9070,0
static_700_bps,1000,5,boundary,93000000,93000000,0,9070,0
static_700_bps,1000,10,within_epoch,93000000,93000000,0,9070,0
static_700_bps,1000,10,boundary,93000000,93000000,0,9070,0
static_700_bps,1000,20,within_epoch,93000000,93000000,0,9070,0
static_700_bps,1000,20,boundary,93000000,93000000,0,9070,0
static_700_bps,1000,100,within_epoch,93000000,93000000,0,9070,0
static_700_bps,1000,100,boundary,93000000,93000000,0,9070,0
static_700_bps,2500,1,within_epoch,232500000,232500000,0,7675,0
static_700_bps,2500,1,boundary,232500000,232500000,0,7675,0
static_700_bps,2500,2,within_epoch,232500000,232500000,0,7675,0
static_700_bps,2500,2,boundary,232500000,232500000,0,7675,0
static_700_bps,2500,5,within_epoch,232500000,232500000,0,7675,0
static_700_bps,2500,5,boundary,232500000,232500000,0,7675,0
static_700_bps,2500,10,within_epoch,232500000,232500000,0,7675,0
static_700_bps,2500,10,boundary,232500000,232500000,0,7675,0
static_700_bps,2500,20,within_epoch,232500000,232500000,0,7675,0
static_700_bps,2500,20,boundary,232500000,232500000,0,7675,0
static_700_bps,2500,100,within_epoch,232500000,232500000,0,7675,0
static_700_bps,2500,100,boundary,232500000,232500000,0,7675,0
static_700_bps,5000,1,within_epoch,465000000,465000000,0,5350,0
static_700_bps,5000,1,boundary,465000000,465000000,0,5350,0
static_700_bps,5000,2,within_epoch,465000000,465000000,0,5350,0
static_700_bps,5000,2,boundary,465000000,465000000,0,5350,0
static_700_bps,5000,5,within_epoch,465000000,465000000,0,5350,0
static_700_bps,5000,5,boundary,465000000,465000000,0,5350,0
static_700_bps,5000,10,within_epoch,465000000,465000000,0,5350,0
static_700_bps,5000,10,boundary,465000000,465000000,0,5350,0
static_700_bps,5000,20,within_epoch,465000000,465000000,0,5350,0
static_700_bps,5000,20,boundary,465000000,465000000,0,5350,0
static_700_bps,5000,100,within_epoch,465000000,465000000,0,5350,0
static_700_bps,5000,100,boundary,465000000,465000000,0,5350,0
static_700_bps,9000,1,within_epoch,837000000,837000000,0,1630,0
static_700_bps,9000,1,boundary,837000000,837000000,0,1630,0
static_700_bps,9000,2,within_epoch,837000000,837000000,0,1630,0
static_700_bps,9000,2,boundary,837000000,837000000,0,1630,0
static_700_bps,9000,5,within_epoch,837000000,837000000,0,1630,0
static_700_bps,9000,5,boundary,837000000,837000000,0,1630,0
static_700_bps,9000,10,within_epoch,837000000,837000000,0,1630,0
static_700_bps,9000,10,boundary,837000000,837000000,0,1630,0
static_700_bps,9000,20,within_epoch,837000000,837000000,0,1630,0
static_700_bps,9000,20,boundary,837000000,837000000,0,1630,0
static_700_bps,9000,100,within_epoch,837000000,837000000,0,1630,0
static_700_bps,9000,100,boundary,837000000,837000000,0,1630,0
static_1000_bps,1000,1,within_epoch,90000000,90000000,0,9100,0
static_1000_bps,1000,1,boundary,90000000,90000000,0,9100,0
static_1000_bps,1000,2,within_epoch,90000000,90000000,0,9100,0
static_1000_bps,1000,2,boundary,90000000,90000000,0,9100,0
static_1000_bps,1000,5,within_epoch,90000000,90000000,0,9100,0
static_1000_bps,1000,5,boundary,90000000,90000000,0,9100,0
static_1000_bps,1000,10,within_epoch,90000000,90000000,0,9100,0
static_1000_bps,1000,10,boundary,90000000,90000000,0,9100,0
static_1000_bps,1000,20,within_epoch,90000000,90000000,0,9100,0
static_1000_bps,1000,20,boundary,90000000,90000000,0,9100,0
static_1000_bps,1000,100,within_epoch,90000000,90000000,0,9100,0
static_1000_bps,1000,100,boundary,90000000,90000000,0,9100,0
static_1000_bps,2500,1,within_epoch,225000000,225000000,0,7750,0
static_1000_bps,2500,1,boundary,225000000,225000000,0,7750,0
static_1000_bps,2500,2,within_epoch,225000000,225000000,0,7750,0
static_1000_bps,2500,2,boundary,225000000,225000000,0,7750,0
static_1000_bps,2500,5,within_epoch,225000000,225000000,0,7750,0
static_1000_bps,2500,5,boundary,225000000,225000000,0,7750,0
static_1000_bps,2500,10,within_epoch,225000000,225000000,0,7750,0
static_1000_bps,2500,10,boundary,225000000,225000000,0,7750,0
static_1000_bps,2500,20,within_epoch,225000000,225000000,0,7750,0
static_1000_bps,2500,20,boundary,225000000,225000000,0,7750,0
static_1000_bps,2500,100,within_epoch,225000000,225000000,0,7750,0
static_1000_bps,2500,100,boundary,225000000,225000000,0,7750,0
static_1000_bps,5000,1,within_epoch,450000000,450000000,0,5500,0
static_1000_bps,5000,1,boundary,450000000,450000000,0,5500,0
static_1000_bps,5000,2,within_epoch,450000000,450000000,0,5500,0
static_1000_bps,5000,2,boundary,450000000,450000000,0,5500,0
static_1000_bps,5000,5,within_epoch,450000000,450000000,0,5500,0
static_1000_bps,5000,5,boundary,450000000,450000000,0,5500,0
static_1000_bps,5000,10,within_epoch,450000000,450000000,0,5500,0
static_1000_bps,5000,10,boundary,450000000,450000000,0,5500,0
static_1000_bps,5000,20,within_epoch,450000000,450000000,0,5500,0
static_1000_bps,5000,20,boundary,450000000,450000000,0,5500,0
static_1000_bps,5000,100,within_epoch,450000000,450000000,0,5500,0
static_1000_bps,5000,100,boundary,450000000,450000000,0,5500,0
static_1000_bps,9000,1,within_epoch,810000000,810000000,0,1900,0
static_1000_bps,9000,1,boundary,810000000,810000000,0,1900,0
static_1000_bps,9000,2,within_epoch,810000000,810000000,0,1900,0
static_1000_bps,9000,2,boundary,810000000,810000000,0,1900,0
static_1000_bps,9000,5,within_epoch,810000000,810000000,0,1900,0
static_1000_bps,9000,5,boundary,810000000,810000000,0,1900,0
static_1000_bps,9000,10,within_epoch,810000000,810000000,0,1900,0
static_1000_bps,9000,10,boundary,810000000,810000000,0,1900,0
static_1000_bps,9000,20,within_epoch,810000000,810000000,0,1900,0
static_1000_bps,9000,20,boundary,810000000,810000000,0,1900,0
static_1000_bps,9000,100,within_epoch,810000000,810000000,0,1900,0
static_1000_bps,9000,100,boundary,810000000,810000000,0,1900,0
static_2000_bps,1000,1,within_epoch,80000000,80000000,0,9200,0
static_2000_bps,1000,1,boundary,80000000,80000000,0,9200,0
static_2000_bps,1000,2,within_epoch,80000000,80000000,0,9200,0
static_2000_bps,1000,2,boundary,80000000,80000000,0,9200,0
static_2000_bps,1000,5,within_epoch,80000000,80000000,0,9200,0
static_2000_bps,1000,5,boundary,80000000,80000000,0,9200,0
static_2000_bps,1000,10,within_epoch,80000000,80000000,0,9200,0
static_2000_bps,1000,10,boundary,80000000,80000000,0,9200,0
static_2000_bps,1000,20,within_epoch,80000000,80000000,0,9200,0
static_2000_bps,1000,20,boundary,80000000,80000000,0,9200,0
static_2000_bps,1000,100,within_epoch,80000000,80000000,0,9200,0
static_2000_bps,1000,100,boundary,80000000,80000000,0,9200,0
static_2000_bps,2500,1,within_epoch,200000000,200000000,0,8000,0
static_2000_bps,2500,1,boundary,200000000,200000000,0,8000,0
static_2000_bps,2500,2,within_epoch,200000000,200000000,0,8000,0
static_2000_bps,2500,2,boundary,200000000,200000000,0,8000,0
static_2000_bps,2500,5,within_epoch,200000000,200000000,0,8000,0
static_2000_bps,2500,5,boundary,200000000,200000000,0,8000,0
static_2000_bps,2500,10,within_epoch,200000000,200000000,0,8000,0
static_2000_bps,2500,10,boundary,200000000,200000000,0,8000,0
static_2000_bps,2500,20,within_epoch,200000000,200000000,0,8000,0
static_2000_bps,2500,20,boundary,200000000,200000000,0,8000,0
static_2000_bps,2500,100,within_epoch,200000000,200000000,0,8000,0
static_2000_bps,2500,100,boundary,200000000,200000000,0,8000,0
static_2000_bps,5000,1,within_epoch,400000000,400000000,0,6000,0
static_2000_bps,5000,1,boundary,400000000,400000000,0,6000,0
static_2000_bps,5000,2,within_epoch,400000000,400000000,0,6000,0
static_2000_bps,5000,2,boundary,400000000,400000000,0,6000,0
static_2000_bps,5000,5,within_epoch,400000000,400000000,0,6000,0
static_2000_bps,5000,5,boundary,400000000,400000000,0,6000,0
static_2000_bps,5000,10,within_epoch,400000000,400000000,0,6000,0
static_2000_bps,5000,10,boundary,400000000,400000000,0,6000,0
static_2000_bps,5000,20,within_epoch,400000000,400000000,0,6000,0
static_2000_bps,5000,20,boundary,400000000,400000000,0,6000,0
static_2000_bps,5000,100,within_epoch,400000000,400000000,0,6000,0
static_2000_bps,5000,100,boundary,400000000,400000000,0,6000,0
static_2000_bps,9000,1,within_epoch,720000000,720000000,0,2800,0
static_2000_bps,9000,1,boundary,720000000,720000000,0,2800,0
static_2000_bps,9000,2,within_epoch,720000000,720000000,0,2800,0
static_2000_bps,9000,2,boundary,720000000,720000000,0,2800,0
static_2000_bps,9000,5,within_epoch,720000000,720000000,0,2800,0
static_2000_bps,9000,5,boundary,720000000,720000000,0,2800,0
static_2000_bps,9000,10,within_epoch,720000000,720000000,0,2800,0
static_2000_bps,9000,10,boundary,720000000,720000000,0,2800,0
static_2000_bps,9000,20,within_epoch,720000000,720000000,0,2800,0
static_2000_bps,9000,20,boundary,720000000,720000000,0,2800,0
static_2000_bps,9000,100,within_epoch,720000000,720000000,0,2800,0
static_2000_bps,9000,100,boundary,720000000,720000000,0,2800,0
static_3000_bps,1000,1,within_epoch,70000000,70000000,0,9300,0
static_3000_bps,1000,1,boundary,70000000,70000000,0,9300,0
static_3000_bps,1000,2,within_epoch,70000000,70000000,0,9300,0
static_3000_bps,1000,2,boundary,70000000,70000000,0,9300,0
static_3000_bps,1000,5,within_epoch,70000000,70000000,0,9300,0
static_3000_bps,1000,5,boundary,70000000,70000000,0,9300,0
static_3000_bps,1000,10,within_epoch,70000000,70000000,0,9300,0
static_3000_bps,1000,10,boundary,70000000,70000000,0,9300,0
static_3000_bps,1000,20,within_epoch,70000000,70000000,0,9300,0
static_3000_bps,1000,20,boundary,70000000,70000000,0,9300,0
static_3000_bps,1000,100,within_epoch,70000000,70000000,0,9300,0
static_3000_bps,1000,100,boundary,70000000,70000000,0,9300,0
static_3000_bps,2500,1,within_epoch,175000000,175000000,0,8250,0
static_3000_bps,2500,1,boundary,175000000,175000000,0,8250,0
static_3000_bps,2500,2,within_epoch,175000000,175000000,0,8250,0
static_3000_bps,2500,2,boundary,175000000,175000000,0,8250,0
static_3000_bps,2500,5,within_epoch,175000000,175000000,0,8250,0
static_3000_bps,2500,5,boundary,175000000,175000000,0,8250,0
static_3000_bps,2500,10,within_epoch,175000000,175000000,0,8250,0
static_3000_bps,2500,10,boundary,175000000,175000000,0,8250,0
static_3000_bps,2500,20,within_epoch,175000000,175000000,0,8250,0
static_3000_bps,2500,20,boundary,175000000,175000000,0,8250,0
static_3000_bps,2500,100,within_epoch,175000000,175000000,0,8250,0
static_3000_bps,2500,100,boundary,175000000,175000000,0,8250,0
static_3000_bps,5000,1,within_epoch,350000000,350000000,0,6500,0
static_3000_bps,5000,1,boundary,350000000,350000000,0,6500,0
static_3000_bps,5000,2,within_epoch,350000000,350000000,0,6500,0
static_3000_bps,5000,2,boundary,350000000,350000000,0,6500,0
static_3000_bps,5000,5,within_epoch,350000000,350000000,0,6500,0
static_3000_bps,5000,5,boundary,350000000,350000000,0,6500,0
static_3000_bps,5000,10,within_epoch,350000000,350000000,0,6500,0
static_3000_bps,5000,10,boundary,350000000,350000000,0,6500,0
static_3000_bps,5000,20,within_epoch,350000000,350000000,0,6500,0
static_3000_bps,5000,20,boundary,350000000,350000000,0,6500,0
static_3000_bps,5000,100,within_epoch,350000000,350000000,0,6500,0
static_3000_bps,5000,100,boundary,350000000,350000000,0,6500,0
static_3000_bps,9000,1,within_epoch,630000000,630000000,0,3700,0
static_3000_bps,9000,1,boundary,630000000,630000000,0,3700,0
static_3000_bps,9000,2,within_epoch,630000000,630000000,0,3700,0
static_3000_bps,9000,2,boundary,630000000,630000000,0,3700,0
static_3000_bps,9000,5,within_epoch,630000000,630000000,0,3700,0
static_3000_bps,9000,5,boundary,630000000,630000000,0,3700,0
static_3000_bps,9000,10,within_epoch,630000000,630000000,0,3700,0
static_3000_bps,9000,10,boundary,630000000,630000000,0,3700,0
static_3000_bps,9000,20,within_epoch,630000000,630000000,0,3700,0
static_3000_bps,9000,20,boundary,630000000,630000000,0,3700,0
static_3000_bps,9000,100,within_epoch,630000000,630000000,0,3700,0
static_3000_bps,9000,100,boundary,630000000,630000000,0,3700,0
integrated_curve,1000,1,within_epoch,99993675,99993675,0,9000,0
integrated_curve,1000,1,boundary,99993675,99993675,0,9000,0
integrated_curve,1000,2,within_epoch,99993674,99993675,0,9000,0
integrated_curve,1000,2,boundary,99993674,99993675,0,9000,0
integrated_curve,1000,5,within_epoch,99993672,99993675,0,9000,0
integrated_curve,1000,5,boundary,99993672,99993675,0,9000,0
integrated_curve,1000,10,within_epoch,99993671,99993675,0,9000,0
integrated_curve,1000,10,boundary,99993671,99993675,0,9000,0
integrated_curve,1000,20,within_epoch,99993665,99993675,0,9000,0
integrated_curve,1000,20,boundary,99993665,99993675,0,9000,0
integrated_curve,1000,100,within_epoch,99993619,99993675,0,9000,0
integrated_curve,1000,100,boundary,99993619,99993675,0,9000,0
integrated_curve,2500,1,within_epoch,249843750,249843750,0,7501,0
integrated_curve,2500,1,boundary,249843750,249843750,0,7501,0
integrated_curve,2500,2,within_epoch,249843749,249843750,0,7501,0
integrated_curve,2500,2,boundary,249843749,249843750,0,7501,0
integrated_curve,2500,5,within_epoch,249843747,249843750,0,7501,0
integrated_curve,2500,5,boundary,249843747,249843750,0,7501,0
integrated_curve,2500,10,within_epoch,249843745,249843750,0,7501,0
integrated_curve,2500,10,boundary,249843745,249843750,0,7501,0
integrated_curve,2500,20,within_epoch,249843741,249843750,0,7501,0
integrated_curve,2500,20,boundary,249843741,249843750,0,7501,0
integrated_curve,2500,100,within_epoch,249843700,249843750,0,7501,0
integrated_curve,2500,100,boundary,249843700,249843750,0,7501,0
integrated_curve,5000,1,within_epoch,498232233,498232233,0,5017,0
integrated_curve,5000,1,boundary,498232233,498232233,0,5017,0
integrated_curve,5000,2,within_epoch,498232233,498232233,0,5017,0
integrated_curve,5000,2,boundary,498232233,498232233,0,5017,0
integrated_curve,5000,5,within_epoch,498232231,498232233,0,5017,0
integrated_curve,5000,5,boundary,498232231,498232233,0,5017,0
integrated_curve,5000,10,within_epoch,498232227,498232233,0,5017,0
integrated_curve,5000,10,boundary,498232227,498232233,0,5017,0
integrated_curve,5000,20,within_epoch,498232224,498232233,0,5017,0
integrated_curve,5000,20,boundary,498232224,498232233,0,5017,0
integrated_curve,5000,100,within_epoch,498232181,498232233,0,5017,0
integrated_curve,5000,100,boundary,498232181,498232233,0,5017,0
integrated_curve,9000,1,within_epoch,886168197,886168197,0,1138,0
integrated_curve,9000,1,boundary,886168197,886168197,0,1138,0
integrated_curve,9000,2,within_epoch,886168196,886168197,0,1138,0
integrated_curve,9000,2,boundary,886168196,886168197,0,1138,0
integrated_curve,9000,5,within_epoch,886168196,886168197,0,1138,0
integrated_curve,9000,5,boundary,886168196,886168197,0,1138,0
integrated_curve,9000,10,within_epoch,886168192,886168197,0,1138,0
integrated_curve,9000,10,boundary,886168192,886168197,0,1138,0
integrated_curve,9000,20,within_epoch,886168188,886168197,0,1138,0
integrated_curve,9000,20,boundary,886168188,886168197,0,1138,0
integrated_curve,9000,100,within_epoch,886168149,886168197,0,1138,0
integrated_curve,9000,100,boundary,886168149,886168197,0,1138,0
prop_endpoint,1000,1,within_epoch,99977864,99977864,0,9000,0
prop_endpoint,1000,1,boundary,99977864,99977864,0,9000,0
prop_endpoint,1000,2,within_epoch,99995818,99977864,1,9000,0
prop_endpoint,1000,2,boundary,99995818,99977864,1,9000,0
prop_endpoint,1000,5,within_epoch,99999557,99977864,2,9000,0
prop_endpoint,1000,5,boundary,99999557,99977864,2,9000,0
prop_endpoint,1000,10,within_epoch,99999917,99977864,2,9000,0
prop_endpoint,1000,10,boundary,99999917,99977864,2,9000,0
prop_endpoint,1000,20,within_epoch,99999980,99977864,2,9000,0
prop_endpoint,1000,20,boundary,99999980,99977864,2,9000,0
prop_endpoint,1000,100,within_epoch,99999900,99977864,2,9000,0
prop_endpoint,1000,100,boundary,99999900,99977864,2,9000,0
prop_endpoint,2500,1,within_epoch,249453125,249453125,0,7505,0
prop_endpoint,2500,1,boundary,249453125,249453125,0,7505,0
prop_endpoint,2500,2,within_epoch,249884177,249453125,17,7501,0
prop_endpoint,2500,2,boundary,249884177,249453125,17,7501,0
prop_endpoint,2500,5,within_epoch,249986915,249453125,21,7500,0
prop_endpoint,2500,5,boundary,249986915,249453125,21,7500,0
prop_endpoint,2500,10,within_epoch,249997595,249453125,21,7500,0
prop_endpoint,2500,10,boundary,249997595,249453125,21,7500,0
prop_endpoint,2500,20,within_epoch,249999560,249453125,21,7500,0
prop_endpoint,2500,20,boundary,249999560,249453125,21,7500,0
prop_endpoint,2500,100,within_epoch,249999900,249453125,21,7500,0
prop_endpoint,2500,100,boundary,249999900,249453125,21,7500,0
prop_endpoint,5000,1,within_epoch,493812815,493812815,0,5061,0
prop_endpoint,5000,1,boundary,493812815,493812815,0,5061,0
prop_endpoint,5000,2,within_epoch,498332543,493812815,91,5016,0
prop_endpoint,5000,2,boundary,498332543,493812815,91,5016,0
prop_endpoint,5000,5,within_epoch,499777082,493812815,120,5002,0
prop_endpoint,5000,5,boundary,499777082,493812815,120,5002,0
prop_endpoint,5000,10,within_epoch,499956644,493812815,124,5000,0
prop_endpoint,5000,10,boundary,499956644,493812815,124,5000,0
prop_endpoint,5000,20,within_epoch,499991952,493812815,125,5000,0
prop_endpoint,5000,20,boundary,499991952,493812815,125,5000,0
prop_endpoint,5000,100,within_epoch,499999804,493812815,125,5000,0
prop_endpoint,5000,100,boundary,499999804,493812815,125,5000,0
prop_endpoint,9000,1,within_epoch,851588691,851588691,0,1484,0
prop_endpoint,9000,1,boundary,851588691,851588691,0,1484,0
prop_endpoint,9000,2,within_epoch,877013287,851588691,298,1229,0
prop_endpoint,9000,2,boundary,877013287,851588691,298,1229,0
prop_endpoint,9000,5,within_epoch,893719808,851588691,494,1062,0
prop_endpoint,9000,5,boundary,893719808,851588691,494,1062,0
prop_endpoint,9000,10,within_epoch,898172372,851588691,547,1018,0
prop_endpoint,9000,10,boundary,898172372,851588691,547,1018,0
prop_endpoint,9000,20,within_epoch,899562248,851588691,563,1004,0
prop_endpoint,9000,20,boundary,899562248,851588691,563,1004,0
prop_endpoint,9000,100,within_epoch,899989706,851588691,568,1000,0
prop_endpoint,9000,100,boundary,899989706,851588691,568,1000,0
prop_pressure,1000,1,within_epoch,99965081,99965081,0,9000,0
prop_pressure,1000,1,boundary,99965081,99965081,0,9000,0
prop_pressure,1000,2,within_epoch,99993931,99965081,2,9000,0
prop_pressure,1000,2,boundary,99993931,99965081,2,9000,0
prop_pressure,1000,5,within_epoch,99999395,99965081,3,9000,0
prop_pressure,1000,5,boundary,99999395,99965081,3,9000,0
prop_pressure,1000,10,within_epoch,99999890,99965081,3,9000,0
prop_pressure,1000,10,boundary,99999890,99965081,3,9000,0
prop_pressure,1000,20,within_epoch,99999973,99965081,3,9000,0
prop_pressure,1000,20,boundary,99999973,99965081,3,9000,0
prop_pressure,1000,100,within_epoch,99999900,99965081,3,9000,0
prop_pressure,1000,100,boundary,99999900,99965081,3,9000,0
prop_pressure,2500,1,within_epoch,248492989,248492989,0,7515,0
prop_pressure,2500,1,boundary,248492989,248492989,0,7515,0
prop_pressure,2500,2,within_epoch,249706721,248492989,48,7502,0
prop_pressure,2500,2,boundary,249706721,248492989,48,7502,0
prop_pressure,2500,5,within_epoch,249969499,248492989,59,7500,0
prop_pressure,2500,5,boundary,249969499,248492989,59,7500,0
prop_pressure,2500,10,within_epoch,249994595,248492989,60,7500,0
prop_pressure,2500,10,boundary,249994595,248492989,60,7500,0
prop_pressure,2500,20,within_epoch,249999036,248492989,60,7500,0
prop_pressure,2500,20,boundary,249999036,248492989,60,7500,0
prop_pressure,2500,100,within_epoch,249999900,248492989,60,7500,0
prop_pressure,2500,100,boundary,249999900,248492989,60,7500,0
prop_pressure,5000,1,within_epoch,465000000,465000000,0,5350,0
prop_pressure,5000,1,boundary,465000000,465000000,0,5350,0
prop_pressure,5000,2,within_epoch,489230561,465000000,521,5107,0
prop_pressure,5000,2,boundary,489230561,465000000,521,5107,0
prop_pressure,5000,5,within_epoch,498455996,465000000,719,5015,0
prop_pressure,5000,5,boundary,498455996,465000000,719,5015,0
prop_pressure,5000,10,within_epoch,499696986,465000000,746,5003,0
prop_pressure,5000,10,boundary,499696986,465000000,746,5003,0
prop_pressure,5000,20,within_epoch,499943864,465000000,751,5000,0
prop_pressure,5000,20,boundary,499943864,465000000,751,5000,0
prop_pressure,5000,100,within_epoch,499998914,465000000,752,5000,0
prop_pressure,5000,100,boundary,499998914,465000000,752,5000,0
prop_pressure,9000,1,within_epoch,264900306,264900306,0,7350,0
prop_pressure,9000,1,boundary,264900306,264900306,0,7350,0
prop_pressure,9000,2,within_epoch,428707539,264900306,6183,5712,0
prop_pressure,9000,2,boundary,428707539,264900306,6183,5712,0
prop_pressure,9000,5,within_epoch,673247698,264900306,15415,3267,0
prop_pressure,9000,5,boundary,673247698,264900306,15415,3267,0
prop_pressure,9000,10,within_epoch,760754089,264900306,18718,2392,0
prop_pressure,9000,10,boundary,760754089,264900306,18718,2392,0
prop_pressure,9000,20,within_epoch,825394334,264900306,21158,1746,0
prop_pressure,9000,20,boundary,825394334,264900306,21158,1746,0
prop_pressure,9000,100,within_epoch,895025879,264900306,23787,1049,0
prop_pressure,9000,100,boundary,895025879,264900306,23787,1049,0
prop_full,1000,1,within_epoch,99965081,99965081,0,9000,0
prop_full,1000,1,boundary,99965081,99965081,0,9000,0
prop_full,1000,2,within_epoch,99703779,99965081,-26,9002,0
prop_full,1000,2,boundary,99993931,99965081,2,9000,0
prop_full,1000,5,within_epoch,99433888,99965081,-53,9005,0
prop_full,1000,5,boundary,99781889,99965081,-18,9002,0
prop_full,1000,10,within_epoch,99316912,99965081,-64,9006,0
prop_full,1000,10,boundary,99703056,99965081,-26,9002,0
prop_full,1000,20,within_epoch,99251824,99965081,-71,9007,0
prop_full,1000,20,boundary,99653714,99965081,-31,9003,0
prop_full,1000,100,within_epoch,99719205,99965081,-24,9002,0
prop_full,1000,100,boundary,99752199,99965081,-21,9002,0
prop_full,2500,1,within_epoch,248492989,248492989,0,7515,0
prop_full,2500,1,boundary,248492989,248492989,0,7515,0
prop_full,2500,2,within_epoch,248460632,248492989,-1,7515,0
prop_full,2500,2,boundary,249706721,248492989,48,7502,0
prop_full,2500,5,within_epoch,246397279,248492989,-84,7536,0
prop_full,2500,5,boundary,248650532,248492989,6,7513,0
prop_full,2500,10,within_epoch,245043403,248492989,-138,7549,0
prop_full,2500,10,boundary,247894093,248492989,-24,7521,0
prop_full,2500,20,within_epoch,244106519,248492989,-176,7558,0
prop_full,2500,20,boundary,247344868,248492989,-46,7526,0
prop_full,2500,100,within_epoch,247726413,248492989,-30,7522,0
prop_full,2500,100,boundary,247990228,248492989,-20,7520,0
prop_full,5000,1,within_epoch,465000000,465000000,0,5350,0
prop_full,5000,1,boundary,465000000,465000000,0,5350,0
prop_full,5000,2,within_epoch,489230561,465000000,521,5107,0
prop_full,5000,2,boundary,489230561,465000000,521,5107,0
prop_full,5000,5,within_epoch,487029182,465000000,473,5129,0
prop_full,5000,5,boundary,494860255,465000000,642,5051,0
prop_full,5000,10,within_epoch,477921827,465000000,277,5220,0
prop_full,5000,10,boundary,490757492,465000000,553,5092,0
prop_full,5000,20,within_epoch,468409115,465000000,73,5315,0
prop_full,5000,20,boundary,486068691,465000000,453,5139,0
prop_full,5000,100,within_epoch,485375818,465000000,438,5146,0
prop_full,5000,100,boundary,486945714,465000000,471,5130,0
prop_full,9000,1,within_epoch,264900306,264900306,0,7350,0
prop_full,9000,1,boundary,264900306,264900306,0,7350,0
prop_full,9000,2,within_epoch,428707539,264900306,6183,5712,0
prop_full,9000,2,boundary,428707539,264900306,6183,5712,0
prop_full,9000,5,within_epoch,672528074,264900306,15387,3274,0
prop_full,9000,5,boundary,672528074,264900306,15387,3274,0
prop_full,9000,10,within_epoch,748401348,264900306,18252,2515,0
prop_full,9000,10,boundary,756492486,264900306,18557,2435,0
prop_full,9000,20,within_epoch,784633537,264900306,19619,2153,0
prop_full,9000,20,boundary,823360688,264900306,21081,1766,0
prop_full,9000,100,within_epoch,803282174,264900306,20323,1967,0
prop_full,9000,100,boundary,811451096,264900306,20632,1885,0
